-- INSERTING DATA INTO TABLES

INSERT INTO Artists (artist_id, name, birth_date, nationality, biography) VALUES
(1, 'Leonardo da Vinci', '1452-04-15', 'Italian', 'Renaissance polymath with a focus on art, science, and engineering.'),
(2, 'Vincent van Gogh', '1853-03-30', 'Dutch', 'Post-Impressionist painter known for his bold colors and emotional expression.'),
(3, 'Pablo Picasso', '1881-10-25', 'Spanish', 'Modern art pioneer and co-founder of the Cubist movement.'),
(4, 'Claude Monet', '1840-11-14', 'French', 'Founder of French Impressionism.'),
(5, 'Frida Kahlo', '1907-07-06', 'Mexican', 'Known for her symbolic and surrealistic self-portraits.'),
(6, 'Salvador Dalí', '1904-05-11', 'Spanish', 'Surrealist artist famous for his eccentric and dreamlike works.'),
(7, 'Andy Warhol', '1928-08-06', 'American', 'Pop art icon known for his exploration of consumerism and celebrity culture.'),
(8, 'Georgia O\'Keeffe', '1887-11-15', 'American', 'Known for her large-format paintings of natural forms.'),
(9, 'Edvard Munch', '1863-12-12', 'Norwegian', 'Expressionist artist most famous for "The Scream".'),
(10, 'Rembrandt van Rijn', '1606-07-15', 'Dutch', 'One of the greatest visual artists in history, known for his portraits.'),
(11, 'Michelangelo Buonarroti', '1475-03-06', 'Italian', 'Renaissance sculptor, painter, and architect.'),
(12, 'Caravaggio', '1571-09-29', 'Italian', 'Baroque painter known for his dramatic use of light and shadow.'),
(13, 'Henri Matisse', '1869-12-31', 'French', 'Fauvist artist celebrated for his use of color.'),
(14, 'Jackson Pollock', '1912-01-28', 'American', 'Abstract expressionist known for his drip painting technique.'),
(15, 'Jean-Michel Basquiat', '1960-12-22', 'American', 'Neo-expressionist artist whose works explored social themes.'),
(16, 'Gustav Klimt', '1862-07-14', 'Austrian', 'Symbolist painter known for "The Kiss".'),
(17, 'Marc Chagall', '1887-07-07', 'Russian-French', 'Painter and designer known for his poetic and dreamlike imagery.'),
(18, 'J.M.W. Turner', '1775-04-23', 'British', 'Romantic painter known for his atmospheric landscapes.'),
(19, 'Paul Cézanne', '1839-01-19', 'French', 'Post-Impressionist painter whose works bridged Impressionism and Cubism.'),
(20, 'Pierre-Auguste Renoir', '1841-02-25', 'French', 'Impressionist painter noted for his vibrant and light-filled works.'),
(21, 'Edgar Degas', '1834-07-19', 'French', 'Impressionist artist best known for his depictions of dancers.'),
(22, 'Francis Bacon', '1909-10-28', 'Irish', 'Expressionist artist famous for his unsettling, raw imagery.'),
(23, 'Albrecht Dürer', '1471-05-21', 'German', 'Renaissance artist known for his detailed engravings and woodcuts.'),
(24, 'Jan van Eyck', '1390-01-04', 'Dutch', 'Northern Renaissance artist known for his detailed oil paintings.'),
(25, 'Diego Rivera', '1886-12-08', 'Mexican', 'Muralist celebrated for his depictions of Mexican society.'),
(26, 'José Clemente Orozco', '1883-11-23', 'Mexican', 'Social realist painter and muralist.'),
(27, 'David Hockney', '1937-07-09', 'British', 'Contemporary artist exploring landscapes and digital art.'),
(28, 'Katsushika Hokusai', '1760-10-31', 'Japanese', 'Famous for his ukiyo-e prints, especially "The Great Wave off Kanagawa".'),
(29, 'Yayoi Kusama', '1929-03-22', 'Japanese', 'Avant-garde artist known for her use of polka dots and infinity installations.'),
(30, 'Zhang Daqian', '1899-05-10', 'Chinese', 'One of the most renowned Chinese painters of the 20th century.'),
(31, 'Keith Haring', '1958-05-04', 'American', 'Street artist whose works advocated for social justice.'),
(32, 'Anselm Kiefer', '1945-03-08', 'German', 'Contemporary artist exploring themes of history and memory.'),
(33, 'Ai Weiwei', '1957-08-28', 'Chinese', 'Contemporary artist known for his provocative political statements.'),
(34, 'Joan Miró', '1893-04-20', 'Spanish', 'Surrealist artist known for his playful, colorful forms.'),
(35, 'Artemisia Gentileschi', '1593-07-08', 'Italian', 'Baroque painter and one of the most important women artists of her era.'),
(36, 'Francisco Goya', '1746-03-30', 'Spanish', 'Romantic painter and printmaker renowned for his expressive works.'),
(37, 'Hans Holbein the Younger', '1497-06-11', 'German', 'Renaissance portraitist celebrated for his attention to detail.'),
(38, 'Egon Schiele', '1890-06-12', 'Austrian', 'Expressionist painter known for his raw and emotive works.'),
(39, 'Takashi Murakami', '1962-02-01', 'Japanese', 'Contemporary artist blending pop culture and traditional Japanese art.'),
(40, 'George Condo', '1957-12-10', 'American', 'Contemporary artist known for his grotesque and surrealist portraits.'),
(41, 'Barbara Kruger', '1945-01-26', 'American', 'Conceptual artist whose works critique consumerism and power dynamics.'),
(42, 'Jasper Johns', '1930-05-15', 'American', 'Abstract painter and sculptor exploring flags and targets.'),
(43, 'Edwin Landseer', '1802-03-07', 'British', 'Romantic painter best known for his animal studies.'),
(44, 'Mark Rothko', '1903-09-25', 'American', 'Abstract expressionist known for his color field paintings.'),
(45, 'Robert Rauschenberg', '1925-10-22', 'American', 'Mixed-media artist and pioneer of modern assemblage.'),
(46, 'Thomas Gainsborough', '1727-05-14', 'British', 'Portrait and landscape painter of the 18th century.'),
(47, 'Camille Pissarro', '1830-07-10', 'French', 'Impressionist painter known for his depictions of rural and urban scenes.'),
(48, 'Hiroshige', '1797-8-02', 'Japanese', 'Ukiyo-e artist celebrated for his landscape prints.'),
(49, 'Gustave Courbet', '1819-06-10', 'French', 'Realist painter advocating for social and political issues.'),
(50, 'Marina Abramović', '1946-11-30', 'Serbian', 'Performance artist exploring themes of endurance and self-discipline.');

INSERT INTO Artworks (artwork_id, title, artist_id, creation_date, price, status, description) VALUES
(1, 'Mona Lisa', 1, '1503-01-01', 85000000.00, 'Available', 'A portrait of Lisa Gherardini, one of the most famous artworks in history.'),
(2, 'Starry Night', 2, '1889-06-18', 75000000.00, 'Sold', 'A view from Van Gogh\'s asylum room at Saint-Rémy-de-Provence.'),
(3, 'Guernica', 3, '1937-01-01', 120000000.00, 'Available', 'A powerful anti-war mural representing the tragedies of war.'),
(4, 'Water Lilies', 4, '1916-01-01', 60000000.00, 'Available', 'Part of a series of impressionist paintings by Monet.'),
(5, 'The Two Fridas', 5, '1939-01-01', 30000000.00, 'Sold', 'A double self-portrait showing two aspects of Frida Kahlo\'s identity.'),
(6, 'Persistence of Memory', 6, '1931-01-01', 45000000.00, 'Available', 'Salvador Dalí\'s iconic melting clocks painting.'),
(7, 'Campbell’s Soup Cans', 7, '1962-01-01', 15000000.00, 'Available', 'A pop art masterpiece by Andy Warhol.'),
(8, 'Sky Above Clouds IV', 8, '1965-01-01', 1200000.00, 'Available', 'A large-format depiction of clouds by Georgia O\'Keeffe.'),
(9, 'The Scream', 9, '1893-01-01', 99000000.00, 'Sold', 'An iconic expressionist work by Edvard Munch.'),
(10, 'The Night Watch', 10, '1642-01-01', 85000000.00, 'Available', 'Rembrandt\'s masterpiece of civic guard portraiture.'),
(11, 'The Creation of Adam', 11, '1512-01-01', 100000000.00, 'Available', 'Michelangelo\'s fresco on the Sistine Chapel ceiling.'),
(12, 'Judith Beheading Holofernes', 12, '1599-01-01', 75000000.00, 'Available', 'A dramatic Baroque painting by Caravaggio.'),
(13, 'Dance', 13, '1910-01-01', 45000000.00, 'Available', 'A fauvist painting by Henri Matisse.'),
(14, 'No. 5, 1948', 14, '1948-01-01', 140000000.00, 'Sold', 'An abstract expressionist drip painting by Jackson Pollock.'),
(15, 'Untitled (1982)', 15, '1982-01-01', 110500000.00, 'Available', 'Neo-expressionist painting by Jean-Michel Basquiat.'),
(16, 'The Kiss', 16, '1907-01-01', 80000000.00, 'Available', 'Symbolist masterpiece by Gustav Klimt.'),
(17, 'I and the Village', 17, '1911-01-01', 6000000.00, 'Available', 'A dreamlike painting by Marc Chagall.'),
(18, 'Rain, Steam, and Speed', 18, '1844-01-01', 20000000.00, 'Available', 'Turner\'s depiction of the Great Western Railway.'),
(19, 'The Card Players', 19, '1892-01-01', 250000000.00, 'Sold', 'A series of oil paintings by Paul Cézanne.'),
(20, 'Luncheon of the Boating Party', 20, '1881-01-01', 78000000.00, 'Available', 'A vibrant Impressionist painting by Renoir.'),
(21, 'Ballet Rehearsal', 21, '1874-01-01', 60000000.00, 'Available', 'Degas\' famous depiction of dancers in rehearsal.'),
(22, 'Three Studies for Figures at the Base of a Crucifixion', 22, '1944-01-01', 50000000.00, 'Available', 'Expressionist work by Francis Bacon.'),
(23, 'Praying Hands', 23, '1508-01-01', 12000000.00, 'Available', 'Albrecht Dürer\'s renowned drawing.'),
(24, 'Arnolfini Portrait', 24, '1434-01-01', 120000000.00, 'Available', 'Van Eyck\'s iconic oil painting.'),
(25, 'Man at the Crossroads', 25, '1934-01-01', 30000000.00, 'Available', 'Diego Rivera\'s controversial mural.'),
(26, 'Prometheus', 26, '1930-01-01', 1500000.00, 'Available', 'A monumental mural by José Clemente Orozco.'),
(27, 'A Bigger Splash', 27, '1967-01-01', 70000000.00, 'Available', 'David Hockney\'s depiction of Californian swimming pools.'),
(28, 'The Great Wave off Kanagawa', 28, '1831-01-01', 5000000.00, 'Sold', 'Hokusai\'s iconic ukiyo-e woodblock print.'),
(29, 'Infinity Mirror Room', 29, '2013-01-01', 1200000.00, 'Available', 'An immersive installation by Yayoi Kusama.'),
(30, 'Peach Blossom Spring', 30, '1946-01-01', 2500000.00, 'Available', 'A traditional ink painting by Zhang Daqian.'),
(31, 'Radiant Baby', 31, '1982-01-01', 800000.00, 'Sold', 'Keith Haring\'s famous pop art icon.'),
(32, 'Margarethe', 32, '1981-01-01', 3500000.00, 'Available', 'A thought-provoking work by Anselm Kiefer.'),
(33, 'Sunflower Seeds', 33, '2010-01-01', 800000.00, 'Available', 'A large-scale installation by Ai Weiwei.'),
(34, 'The Farm', 34, '1921-01-01', 7000000.00, 'Available', 'A surrealist masterpiece by Joan Miró.'),
(35, 'Judith Slaying Holofernes', 35, '1614-01-01', 65000000.00, 'Available', 'A bold work by Artemisia Gentileschi.'),
(36, 'The Third of May 1808', 36, '1814-01-01', 80000000.00, 'Available', 'Goya\'s powerful depiction of war atrocities.'),
(37, 'The Ambassadors', 37, '1533-01-01', 70000000.00, 'Available', 'Holbein\'s iconic portrait with a hidden skull.'),
(38, 'Death and the Maiden', 38, '1915-01-01', 3000000.00, 'Available', 'A haunting work by Egon Schiele.'),
(39, '727', 39, '1996-01-01', 5000000.00, 'Available', 'Takashi Murakami\'s vibrant mix of pop culture and tradition.'),
(40, 'Smiling Girl', 40, '2020-01-01', 3000000.00, 'Available', 'A surrealist portrait by George Condo.'),
(41, 'Composition VIII', 42, '1923-01-01', 28000000.00, 'Available', 'A geometric abstract painting by Kandinsky.'),
(42, 'Broadway Boogie Woogie', 43, '1943-01-01', 22000000.00, 'Available', 'A vibrant grid-based abstract work by Piet Mondrian.'),
(43, 'Fallingwater', 44, '1939-01-01', 45000000.00, 'Available', 'A masterpiece of organic architecture by Frank Lloyd Wright.'),
(44, 'The Hay Wain', 45, '1821-01-01', 30000000.00, 'Available', 'A quintessential English countryside landscape by John Constable.'),
(45, 'Lady with an Ermine', 46, '1490-01-01', 60000000.00, 'Available', 'A Renaissance portrait by Leonardo da Vinci.'),
(46, 'The Burial of the Count of Orgaz', 47, '1586-01-01', 75000000.00, 'Available', 'A grand composition by El Greco.'),
(47, 'The Tower of Babel', 48, '1563-01-01', 38000000.00, 'Available', 'A detailed biblical depiction by Pieter Bruegel the Elder.'),
(48, 'The School of Athens', 49, '1511-01-01', 95000000.00, 'Available', 'Raphael\'s iconic fresco celebrating classical philosophy.'),
(49, 'The Persistence of Shadows', 50, '2023-05-10', 1200000.00, 'Available', 'A contemporary exploration of light and shadow.'),
(50, 'Horizon Lines', 50, '2022-07-15', 1200000.00, 'Available', 'A minimalist piece exploring light and form.'),
(51, 'Irises', 2, '1889-05-01', 95000000.00, 'Sold', 'A vibrant painting of irises by Van Gogh during his stay at the asylum.'),
(52, 'View of Delft', 24, '1660-01-01', 55000000.00, 'Available', 'A detailed cityscape by Jan Vermeer.'),
(53, 'The Storm on the Sea of Galilee', 10, '1633-01-01', 105000000.00, 'Stolen', 'A dramatic seascape by Rembrandt, famously stolen in 1990.'),
(54, 'Whistler\'s Mother', 28, '1871-01-01', 42000000.00, 'Available', 'An iconic portrait by James McNeill Whistler.'),
(55, 'The Sleeping Gypsy', 17, '1897-01-01', 4000000.00, 'Available', 'A mysterious dreamlike painting by Henri Rousseau.'),
(56, 'Nighthawks', 27, '1942-01-01', 80000000.00, 'Available', 'A depiction of late-night diners by Edward Hopper.'),
(57, 'Girl with a Pearl Earring', 24, '1665-01-01', 100000000.00, 'Available', 'A renowned Dutch portrait by Vermeer.'),
(58, 'The Fighting Temeraire', 18, '1839-01-01', 65000000.00, 'Available', 'A Romantic depiction of a battleship by Turner.'),
(59, 'Christina\'s World', 8, '1948-01-01', 3000000.00, 'Available', 'A melancholic rural scene by Andrew Wyeth.'),
(60, 'Les Demoiselles d’Avignon', 3, '1907-01-01', 140000000.00, 'Available', 'A groundbreaking cubist painting by Picasso.'),
(61, 'Ophelia', 45, '1851-01-01', 45000000.00, 'Available', 'A Pre-Raphaelite depiction of Ophelia by John Everett Millais.'),
(62, 'The Son of Man', 34, '1964-01-01', 20000000.00, 'Available', 'A surrealist self-portrait by René Magritte.'),
(63, 'Venus of Urbino', 11, '1538-01-01', 70000000.00, 'Available', 'A classical depiction of Venus by Titian.'),
(64, 'The Wanderer above the Sea of Fog', 36, '1818-01-01', 9000000.00, 'Available', 'A Romantic masterpiece by Caspar David Friedrich.'),
(65, 'American Gothic', 29, '1930-01-01', 50000000.00, 'Available', 'A depiction of rural Americana by Grant Wood.'),
(66, 'Lamentation of Christ', 11, '1305-01-01', 60000000.00, 'Available', 'A Renaissance fresco by Giotto.'),
(67, 'The Starry Night Over the Rhône', 2, '1888-09-01', 95000000.00, 'Sold', 'A dreamy depiction of a starlit river by Van Gogh.'),
(68, 'Garden of Earthly Delights', 23, '1500-01-01', 95000000.00, 'Available', 'A triptych by Hieronymus Bosch exploring sin and paradise.'),
(69, 'The Arnolfini Portrait', 24, '1434-01-01', 120000000.00, 'Available', 'A detailed oil painting by Jan van Eyck.'),
(70, 'Liberty Leading the People', 37, '1830-01-01', 75000000.00, 'Available', 'A Romantic depiction of revolution by Eugène Delacroix.'),
(71, 'The Birth of Venus', 11, '1486-01-01', 90000000.00, 'Available', 'A mythological masterpiece by Sandro Botticelli.'),
(72, 'Bal du moulin de la Galette', 20, '1876-01-01', 105000000.00, 'Available', 'A lively depiction of Parisian life by Renoir.'),
(73, 'Self-Portrait with Thorn Necklace', 5, '1940-01-01', 30000000.00, 'Available', 'A symbolic self-portrait by Frida Kahlo.'),
(74, 'The Blue Boy', 44, '1770-01-01', 39000000.00, 'Available', 'A Rococo portrait by Thomas Gainsborough.'),
(75, 'Composition with Red, Blue, and Yellow', 43, '1930-01-01', 20000000.00, 'Available', 'A De Stijl abstract work by Piet Mondrian.'),
(76, 'A Sunday Afternoon on the Island of La Grande Jatte', 46, '1884-01-01', 120000000.00, 'Available', 'A pointillist painting by Georges Seurat.'),
(77, 'The Madonna of Port Lligat', 6, '1949-01-01', 30000000.00, 'Available', 'A surrealist religious piece by Salvador Dalí.'),
(78, 'Olympia', 19, '1863-01-01', 80000000.00, 'Available', 'A groundbreaking work of modern art by Édouard Manet.'),
(79, 'The Persistence of Memory II', 6, '2023-08-15', 1500000.00, 'Available', 'A contemporary reinterpretation by Salvador Dalí enthusiasts.'),
(80, 'Seated Woman', 3, '1937-03-12', 15000000.00, 'Available', 'A surrealist portrait by Pablo Picasso.');



INSERT INTO Exhibitions (exhibition_id, name, start_date, end_date, location) VALUES
(1, 'Impressionism and Beyond', '2021-05-01', '2021-08-01', 'The Louvre Museum, Paris'),
(2, 'Picasso: The Early Years', '2022-06-01', '2022-09-15', 'The Museum of Modern Art, New York'),
(3, 'Van Gogh: A Legacy of Color', '2023-07-01', '2023-10-01', 'Van Gogh Museum, Amsterdam'),
(4, 'Surrealism and the Unconscious', '2024-04-15', '2024-08-15', 'Tate Modern, London'),
(5, 'Frida: Beyond the Canvas', '2022-09-01', '2022-12-01', 'Museo Frida Kahlo, Mexico City'),
(6, 'The Age of Renaissance', '2021-03-01', '2021-06-01', 'Uffizi Gallery, Florence'),
(7, 'The Masters of Modern Art', '2024-05-10', '2024-09-20', 'The Guggenheim, New York'),
(8, 'The Power of the Figure', '2023-02-01', '2023-04-01', 'The National Gallery, London'),
(9, 'Photography in the 21st Century', '2021-06-01', '2021-09-01', 'The International Center of Photography, New York'),
(10, 'Cultural Icons: A Retrospective', '2023-07-15', '2023-11-01', 'The Whitney Museum of American Art, New York'),
(11, 'The Impressionists at Play', '2022-06-05', '2022-10-15', 'Musée d\'Orsay, Paris'),
(12, 'Geometric Abstractions', '2023-03-10', '2023-05-25', 'The Stedelijk Museum, Amsterdam'),
(13, 'Surfaces and Layers', '2024-05-20', '2024-08-30', 'Museo Nacional Centro de Arte Reina Sofía, Madrid'),
(14, 'The Magic of Watercolors', '2022-02-15', '2022-06-30', 'The National Gallery of Art, Washington D.C.'),
(15, 'Pop Art: Beyond the Canvas', '2021-04-05', '2021-07-15', 'The British Museum, London'),
(16, 'The Abstract Landscape', '2023-01-10', '2023-04-20', 'Museum of Fine Arts, Boston'),
(17, 'Art in Revolution', '2022-06-01', '2022-09-01', 'The Van Gogh Museum, Amsterdam'),
(18, 'The Golden Age of Dutch Painting', '2023-03-05', '2023-06-30', 'Rijksmuseum, Amsterdam'),
(19, 'The World of Expressionism', '2021-02-25', '2021-05-10', 'Berlinische Galerie, Berlin'),
(20, 'Art as a Social Commentary', '2024-07-01', '2024-09-10', 'Museum of Modern Art, New York'),
(21, 'Portraits of Power', '2021-05-01', '2021-07-20', 'The Art Institute of Chicago'),
(22, 'Shadows and Silhouettes', '2022-06-01', '2022-08-01', 'The Tate, London'),
(23, 'Modern Masters', '2024-03-10', '2024-06-01', 'The Museum of Contemporary Art, Los Angeles'),
(24, 'The World of Cubism', '2023-07-01', '2023-09-01', 'Centre Pompidou, Paris'),
(25, 'Women in Art: A Historical Perspective', '2021-04-20', '2021-08-15', 'The National Gallery of Art, Washington D.C.'),
(26, 'Renaissance Masters', '2023-05-15', '2023-08-30', 'The Prado Museum, Madrid'),
(27, 'The Evolution of Photography', '2022-04-01', '2022-07-01', 'The Getty Center, Los Angeles'),
(28, 'The Beauty of Nature', '2023-02-15', '2023-05-10', 'Natural History Museum, London'),
(29, 'Mosaic Art Through the Ages', '2024-06-01', '2024-08-15', 'The Vatican Museums, Vatican City'),
(30, 'Futurism and Innovation', '2022-07-01', '2022-09-30', 'The Tate Modern, London'),
(31, 'The Architecture of Art', '2023-08-01', '2023-11-01', 'The Museum of Architecture, London'),
(32, 'Surrealism in Motion', '2021-07-15', '2021-10-01', 'The Guggenheim, New York'),
(33, 'Art and Music: The Intersection', '2022-05-20', '2022-08-10', 'The Museum of Modern Art, New York'),
(34, 'The Influence of Classical Art on Modernism', '2023-09-01', '2023-12-01', 'The Art Institute of Chicago'),
(35, 'Nature and Geometry', '2024-06-01', '2024-08-30', 'The Museum of Fine Arts, Boston'),
(36, 'Cubism: From Picasso to Today', '2021-08-15', '2021-11-01', 'Centre Pompidou, Paris'),
(37, 'Digital Art: The New Frontier', '2023-05-05', '2023-08-01', 'The Tate Modern, London'),
(38, 'The Colors of Emotion', '2024-07-01', '2024-10-01', 'The Museum of Contemporary Art, Chicago'),
(39, 'The Influence of Classical Art on Modernism', '2021-09-01', '2021-12-01', 'The Art Institute of Chicago'),
(40, 'Women Artists in the 20th Century', '2022-04-01', '2022-07-01', 'The Guggenheim, New York');


INSERT INTO Exhibition_Artworks (exhibition_id, artwork_id) VALUES
(1, 6),
(1, 7),
(1, 8),
(2, 9),
(2, 10),
(2, 11),
(3, 12),
(3, 13),
(3, 14),
(4, 15),
(4, 16),
(4, 17),
(5, 18),
(5, 19),
(5, 20),
(6, 21),
(6, 22),
(6, 23),
(7, 24),
(7, 25),
(7, 26),
(8, 27),
(8, 28),
(8, 29),
(9, 30),
(9, 31),
(9, 32),
(10, 33),
(10, 34),
(10, 35),
(11, 36),
(11, 37),
(11, 38),
(12, 39),
(12, 40),
(12, 41),
(13, 42),
(13, 43),
(13, 44),
(14, 45),
(14, 46),
(14, 47),
(15, 48),
(15, 49),
(15, 50),
(16, 51),
(16, 52),
(16, 53),
(17, 54),
(17, 55),
(17, 56);


INSERT INTO Buyers (buyer_id, name, contact_details) VALUES
(1, 'John Doe', 'john.doe@example.com, +1-123-456-7890'),
(2, 'Jane Smith', 'jane.smith@example.com, +44-789-654-3210');

INSERT INTO Buyers (buyer_id, name, contact_details) VALUES
(3, 'Carlos Gonzalez', 'carlos.g@example.com, +52-555-876-5432'),
(4, 'Aiko Tanaka', 'aiko.t@example.jp, +81-90-1234-5678'),
(5, 'Liam O\'Connor', 'liam.o@example.ie, +353-85-876-4321'),
(6, 'Sophia Brown', 'sophia.brown@example.com, +1-234-567-8901'),
(7, 'Ethan Clark', 'ethan.clark@example.com, +44-123-456-7890'),
(8, 'Olivia Johnson', 'olivia.johnson@example.com, +33-987-654-3210'),
(9, 'Jacob Lee', 'jacob.lee@example.com, +61-2-3456-7890'),
(10, 'Emma Davis', 'emma.davis@example.com, +1-321-654-9870'),
(11, 'Mason Garcia', 'mason.garcia@example.com, +52-444-555-6666'),
(12, 'Isabella Rodriguez', 'isabella.r@example.com, +34-912-345-6789'),
(13, 'James Miller', 'james.miller@example.com, +44-111-222-3333'),
(14, 'Charlotte Wilson', 'charlotte.wilson@example.com, +1-555-123-4567'),
(15, 'Benjamin Moore', 'benjamin.moore@example.com, +61-8-9876-5432'),
(16, 'Amelia Taylor', 'amelia.taylor@example.com, +1-666-555-4321'),
(17, 'Lucas Martinez', 'lucas.martinez@example.com, +55-21-9876-1234'),
(18, 'Evelyn Anderson', 'evelyn.anderson@example.com, +34-986-123-4567'),
(19, 'Mia Thomas', 'mia.thomas@example.com, +49-171-2345678'),
(20, 'Alexander Jackson', 'alexander.jackson@example.com, +44-20-3456-7890'),
(21, 'Henry White', 'henry.white@example.com, +1-408-222-3344'),
(22, 'Lily Harris', 'lily.harris@example.com, +61-2-1234-5678'),
(23, 'Jack Lewis', 'jack.lewis@example.com, +1-555-987-6543'),
(24, 'Harper Young', 'harper.young@example.com, +44-789-123-4567'),
(25, 'Daniel Walker', 'daniel.walker@example.com, +33-123-456-7890'),
(26, 'Ella King', 'ella.king@example.com, +55-11-2345-6789'),
(27, 'Aiden Scott', 'aiden.scott@example.com, +1-777-555-4321'),
(28, 'Zoe Wright', 'zoe.wright@example.com, +44-777-222-1111'),
(29, 'Maya Lopez', 'maya.lopez@example.com, +34-918-234-5678'),
(30, 'Samuel Harris', 'samuel.harris@example.com, +61-3-6789-1234'),
(31, 'Matthew Nelson', 'matthew.nelson@example.com, +52-55-1234-5678'),
(32, 'Chloe Carter', 'chloe.carter@example.com, +1-888-555-6789'),
(33, 'Joseph Mitchell', 'joseph.mitchell@example.com, +44-20-1234-5678'),
(34, 'Sarah Perez', 'sarah.perez@example.com, +34-654-987-1234'),
(35, 'David Roberts', 'david.roberts@example.com, +61-4-2345-6789'),
(36, 'Sophia Garcia', 'sophia.garcia@example.com, +1-333-444-5555'),
(37, 'William Hall', 'william.hall@example.com, +33-987-555-4444'),
(38, 'Eva Lee', 'eva.lee@example.com, +1-543-876-4321'),
(39, 'Ryan Clark', 'ryan.clark@example.com, +44-123-987-6543'),
(40, 'Lily Martinez', 'lily.martinez@example.com, +52-555-1234-5678'),
(41, 'Matthew Taylor', 'matthew.taylor@example.com, +1-222-555-7777'),
(42, 'Megan Carter', 'megan.carter@example.com, +61-7-1234-5678'),
(43, 'Ava Gonzalez', 'ava.gonzalez@example.com, +52-55-555-4321'),
(44, 'Jackson Perez', 'jackson.perez@example.com, +33-234-987-1234'),
(45, 'Henry Thomas', 'henry.thomas@example.com, +44-789-123-9876'),
(46, 'Benjamin Mitchell', 'benjamin.mitchell@example.com, +1-408-555-8888'),
(47, 'Charlotte King', 'charlotte.king@example.com, +61-3-2345-6789'),
(48, 'Lucas Young', 'lucas.young@example.com, +34-672-123-4567'),
(49, 'Zoe Wilson', 'zoe.wilson@example.com, +44-21-654-9876'),
(50, 'Oliver Harris', 'oliver.harris@example.com, +1-789-123-4567'),
(51, 'Hannah Jackson', 'hannah.jackson@example.com, +52-55-2345-6789'),
(52, 'Sebastian Roberts', 'sebastian.roberts@example.com, +33-876-123-4567'),
(53, 'Elijah Thomas', 'elijah.thomas@example.com, +44-900-345-6789'),
(54, 'Nora Lee', 'nora.lee@example.com, +1-888-777-5555'),
(55, 'Isaac King', 'isaac.king@example.com, +61-8-9876-5432'),
(56, 'Ella Scott', 'ella.scott@example.com, +34-918-765-4321'),
(57, 'Victoria Moore', 'victoria.moore@example.com, +52-55-6789-1234'),
(58, 'Maxwell Harris', 'maxwell.harris@example.com, +1-333-444-1234'),
(59, 'Jack Perez', 'jack.perez@example.com, +44-21-345-6789'),
(60, 'Layla Thomas', 'layla.thomas@example.com, +1-555-444-1234'),
(61, 'Megan Brown', 'megan.brown@example.com, +61-4-2345-6789'),
(62, 'Nathaniel Lee', 'nathaniel.lee@example.com, +33-567-123-8765'),
(63, 'Abigail Green', 'abigail.green@example.com, +1-234-567-8902'),
(64, 'Henry Miller', 'henry.miller@example.com, +44-80-345-6789'),
(65, 'Aiden Mitchell', 'aiden.mitchell@example.com, +61-9-2345-6789'),
(66, 'Emily Carter', 'emily.carter@example.com, +34-987-654-3210'),
(67, 'Luca Brown', 'luca.brown@example.com, +52-555-876-1234'),
(68, 'Scarlett Taylor', 'scarlett.taylor@example.com, +44-90-1234-5678'),
(69, 'Gabriel Anderson', 'gabriel.anderson@example.com, +1-999-555-4321'),
(70, 'Ariana Martinez', 'ariana.martinez@example.com, +52-55-555-2345'),
(71, 'Liam Gonzalez', 'liam.gonzalez@example.com, +33-112-234-5678'),
(72, 'Nina Walker', 'nina.walker@example.com, +61-8-555-4321'),
(73, 'Zara Clark', 'zara.clark@example.com, +1-231-654-7890'),
(74, 'Jackie Lee', 'jackie.lee@example.com, +34-765-432-1098'),
(75, 'Matthew Harris', 'matthew.harris@example.com, +44-789-876-5432'),
(76, 'Lillian Wright', 'lillian.wright@example.com, +61-3-5678-1234'),
(77, 'Henry Scott', 'henry.scott@example.com, +52-55-2345-6789'),
(78, 'Clara Anderson', 'clara.anderson@example.com, +1-333-666-7777'),
(79, 'Sophia Clark', 'sophia.clark@example.com, +44-20-1234-6789'),
(80, 'Emma Walker', 'emma.walker@example.com, +1-444-333-5555'),
(81, 'Michael Lee', 'michael.lee@example.com, +61-4-3456-7890'),
(82, 'Isabella King', 'isabella.king@example.com, +52-21-6789-4321'),
(83, 'Aaron Martinez', 'aaron.martinez@example.com, +52-21-6789-4321'),
(84, 'Benjamin Cooper', 'benjamin.cooper@example.com, +44-30-5678-1234'),
(85, 'Ethan Perez', 'ethan.perez@example.com, +1-222-333-4444'),
(86, 'Avery Robinson', 'avery.robinson@example.com, +33-45-6789-1234'),
(87, 'Mason Thompson', 'mason.thompson@example.com, +61-2-555-2345'),
(88, 'Chloe Harris', 'chloe.harris@example.com, +34-56-9876-5432'),
(89, 'Charlotte Green', 'charlotte.green@example.com, +1-333-444-5555'),
(90, 'Henry Williams', 'henry.williams@example.com, +52-55-1234-8765'),
(91, 'Mia Brown', 'mia.brown@example.com, +44-77-2345-6789'),
(92, 'Daniel Evans', 'daniel.evans@example.com, +1-555-555-9876'),
(93, 'Grace Walker', 'grace.walker@example.com, +61-8-2345-6789'),
(94, 'Zoe Taylor', 'zoe.taylor@example.com, +34-987-654-3210'),
(95, 'Jackson White', 'jackson.white@example.com, +52-55-3456-7890'),
(96, 'Sophie Martin', 'sophie.martin@example.com, +44-22-5678-8765'),
(97, 'Eli Clark', 'eli.clark@example.com, +1-444-555-6666'),
(98, 'Isla Wright', 'isla.wright@example.com, +52-55-2345-9876'),
(99, 'Owen Young', 'owen.young@example.com, +33-67-3456-7890'),
(100, 'Amelia Evans', 'amelia.evans@example.com, +1-555-876-5432'),
(101, 'Gabriel Lopez', 'gabriel.lopez@example.com, +44-21-6789-1234'),
(102, 'Scarlett Lee', 'scarlett.lee@example.com, +52-21-6789-4321'),
(103, 'Matthew Green', 'matthew.green@example.com, +61-4-1234-5678'),
(104, 'Aidan Walker', 'aidan.walker@example.com, +34-92-3456-7890'),
(105, 'Lillian Scott', 'lillian.scott@example.com, +44-78-1234-5678'),
(106, 'Hannah Wilson', 'hannah.wilson@example.com, +1-888-777-5555'),
(107, 'Liam Young', 'liam.young@example.com, +52-11-2345-6789'),
(108, 'Sophia Johnson', 'sophia.johnson@example.com, +44-20-8765-4321'),
(109, 'Matthew Allen', 'matthew.allen@example.com, +33-67-2345-9876'),
(110, 'Evan Roberts', 'evan.roberts@example.com, +61-2-1234-5678'),
(111, 'Lila Clark', 'lila.clark@example.com, +52-55-7654-1234'),
(112, 'Jack Taylor', 'jack.taylor@example.com, +1-555-123-4567'),
(113, 'Maya Lee', 'maya.lee@example.com, +34-987-234-5678'),
(114, 'Oliver King', 'oliver.king@example.com, +61-4-2345-6789'),
(115, 'Lucas Martinez', 'lucas.martinez@example.com, +44-21-1234-5678'),
(116, 'Eva Scott', 'eva.scott@example.com, +52-21-8765-4321'),
(117, 'James Turner', 'james.turner@example.com, +33-56-1234-9876'),
(118, 'Benjamin Clark', 'benjamin.clark@example.com, +1-444-333-2222'),
(119, 'Chloe Evans', 'chloe.evans@example.com, +52-55-2345-6789'),
(120, 'Emma Wilson', 'emma.wilson@example.com, +61-8-2345-6789'),
(121, 'Zoe Martin', 'zoe.martin@example.com, +34-23-456-7890'),
(122, 'William Harris', 'william.harris@example.com, +44-21-654-9876'),
(123, 'Olivia Green', 'olivia.green@example.com, +52-55-1234-5678'),
(124, 'Samuel Harris', 'samuel.harris@example.com, +1-555-987-1234'),
(125, 'Ella Taylor', 'ella.taylor@example.com, +61-2-9876-5432');

INSERT INTO Sales (sale_id, artwork_id, buyer_id, sale_date, price) VALUES
(1, 2, 1, '2024-01-15', 75000000.00),
(2, 5, 2, '2024-02-20', 30000000.00),
(3, 10, 3, '2024-03-05', 45000.00),
(4, 15, 4, '2024-03-18', 12000.00),
(5, 20, 5, '2024-04-12', 8000.00),
(6, 25, 6, '2024-04-20', 55000.00),
(7, 30, 7, '2024-05-05', 90000.00),
(8, 35, 8, '2024-05-12', 6000.00),
(9, 40, 9, '2024-06-01', 150000.00),
(10, 45, 10, '2024-06-10', 95000.00),
(11, 50, 11, '2024-06-15', 120000.00),
(12, 55, 12, '2024-07-01', 23000.00),
(13, 60, 13, '2024-07-15', 180000.00),
(14, 65, 14, '2024-08-01', 55000.00),
(15, 70, 15, '2024-08-20', 250000.00),
(16, 75, 16, '2024-09-01', 75000.00),
(17, 80, 17, '2024-09-15', 45000.00),
(18, 75, 18, '2024-10-01', 300000.00),
(19, 54, 19, '2024-10-05', 10000.00),
(20, 25, 20, '2024-10-20', 20000.00),
(21, 60, 21, '2024-11-01', 150000.00),
(22, 15, 22, '2024-11-05', 30000.00),
(23, 56, 23, '2024-11-10', 80000.00),
(24, 65, 24, '2024-11-15', 50000.00),
(25, 12, 25, '2024-12-01', 40000.00),
(26, 45, 26, '2024-12-10', 200000.00),
(27, 13, 27, '2024-12-15', 60000.00),
(28, 35, 28, '2024-12-20', 35000.00),
(29, 40, 29, '2022-01-01', 120000.00),
(30, 13, 30, '2022-01-05', 22000.00),
(31, 80, 31, '2022-01-10', 45000.00),
(32, 78, 32, '2022-01-15', 90000.00),
(33, 16, 33, '2022-01-20', 150000.00),
(34, 65, 34, '2022-02-01', 70000.00),
(35, 5, 35, '2022-02-05', 23000.00),
(36, 75, 36, '2022-02-10', 180000.00),
(37, 18, 37, '2022-02-15', 85000.00),
(38, 18, 38, '2022-02-20', 100000.00),
(39, 10, 39, '2021-03-01', 50000.00),
(40, 44, 40, '2021-03-05', 12000.00),
(41, 25, 41, '2021-03-10', 35000.00),
(42, 75, 42, '2021-03-15', 90000.00),
(43, 21, 43, '2021-03-20', 60000.00),
(44, 25, 44, '2021-04-01', 70000.00),
(45, 76, 45, '2021-04-05', 50000.00),
(46, 25, 46, '2021-04-10', 18000.00),
(47, 20, 47, '2021-04-15', 80000.00),
(48, 35, 48, '2021-04-20', 25000.00),
(49, 40, 49, '2021-05-01', 120000.00),
(50, 45, 50, '2021-05-05', 60000.00),
(51, 50, 51, '2021-05-10', 70000.00),
(52, 55, 52, '2021-05-15', 80000.00),
(53, 60, 53, '2021-06-01', 150000.00),
(54, 65, 54, '2021-06-05', 50000.00),
(55, 70, 55, '2021-06-10', 200000.00),
(56, 65, 56, '2021-06-15', 45000.00),
(57, 80, 57, '2021-07-01', 30000.00),
(58, 32, 58, '2021-07-05', 120000.00),
(59, 60, 59, '2021-07-10', 150000.00),
(60, 25, 60, '2021-07-15', 85000.00),
(61, 30, 61, '2021-08-01', 60000.00),
(62, 35, 62, '2021-08-05', 70000.00),
(63, 31, 63, '2021-08-10', 35000.00),
(64, 15, 64, '2021-08-15', 200000.00),
(65, 20, 65, '2021-08-20', 15000.00),
(66, 65, 66, '2021-09-01', 180000.00),
(67, 33, 67, '2021-09-05', 85000.00),
(68, 66, 68, '2021-09-10', 60000.00),
(69, 34, 69, '2021-09-15', 20000.00),
(70, 79, 70, '2021-10-01', 45000.00),
(71, 35, 71, '2021-10-05', 70000.00),
(72, 57, 72, '2021-10-10', 25000.00),
(73, 36, 73, '2021-10-15', 30000.00),
(74, 36, 74, '2021-10-20', 12000.00),
(75, 30, 75, '2021-11-01', 55000.00),
(76, 55, 76, '2021-11-05', 80000.00),
(77, 19, 77, '2021-11-10', 20000.00),
(78, 75, 78, '2021-11-15', 180000.00),
(79, 6, 79, '2021-12-01', 250000.00),
(80, 5, 80, '2021-12-05', 100000.00),
(81, 40, 81, '2021-12-10', 50000.00),
(82, 45, 82, '2021-12-15', 60000.00),
(83, 10, 83, '2022-01-01', 70000.00),
(84, 5, 84, '2022-01-05', 35000.00),
(85, 4, 85, '2022-01-10', 20000.00),
(86, 76, 86, '2022-01-15', 60000.00),
(87, 43, 87, '2022-01-20', 150000.00),
(88, 11, 88, '2022-01-25', 30000.00),
(89, 60, 89, '2022-02-01', 90000.00),
(90, 22, 90, '2022-02-05', 40000.00),
(91, 8, 91, '2022-02-10', 120000.00),
(92, 32, 92, '2022-02-15', 70000.00),
(93, 45, 93, '2022-02-20', 50000.00),
(94, 31, 94, '2022-02-25', 85000.00),
(95, 65, 95, '2022-03-01', 60000.00),
(96, 12, 96, '2022-03-05', 40000.00),
(97, 56, 97, '2022-03-10', 30000.00),
(98, 14, 98, '2022-03-15', 18000.00),
(99, 44, 99, '2022-03-20', 75000.00),
(100, 35, 100, '2022-03-25', 120000.00);